YEAR,DISTRICT,VEHICLE AT FAULT,VICTIM,TYPE OF ACCIDENT,# INJURED,# KILLED ,,,
2008,NEW DELHI,TEMPO,CAR,SIMPLE ACCIDENT,1,0,,,
2008,SOUTH EAST DELHI,TRL/CON,CAR,SIMPLE ACCIDENT,1,0,,,
2008,WEST DELHI,UNKNOWN,S/C & M/C,SIMPLE ACCIDENT,1,0,,,
2008,NEW DELHI,PVT CAR,S/C & M/C,SIMPLE ACCIDENT,1,0,,,
2008,NORTH DELHI(ROHINI),S/C&M/C,PEDESTRIAN,SIMPLE ACCIDENT,1,0,,,
2008,NORTH WEST DELHI,PVT CAR,PEDESTRIAN,SIMPLE ACCIDENT,1,0,,,
2008,SOUTH WEST DELHI,UNKNOWN,PEDESTRIAN,SIMPLE ACCIDENT,1,0,,,
2008,EAST DELHI,S/C&M/C,PEDESTRIAN,SIMPLE ACCIDENT,1,0,,,
2008,NEW DELHI,UNKNOWN,PEDESTRIAN,SIMPLE ACCIDENT,1,0,,,
2008,NEW DELHI,PVT CAR,S/C & M/C,SIMPLE ACCIDENT,1,0,,,
2008,CENTRAL DELHI,UNKNOWN,PEDESTRIAN,FATAL ACCIDENT,0,1,,,
2008,NORTH WEST DELHI,TSR,CYCLE,SIMPLE ACCIDENT,2,0,,,
2008,NEW DELHI,UNKNOWN,PEDESTRIAN,FATAL ACCIDENT,0,1,,,
2008,EAST DELHI,S/C&M/C,PEDESTRIAN,FATAL ACCIDENT,0,1,,,
2008,SOUTH WEST DELHI,PVT CAR,PEDESTRIAN,SIMPLE ACCIDENT,1,0,,,
2008,EAST DELHI,TEMPO,S/C & M/C,SIMPLE ACCIDENT,1,0,,,
2008,SOUTH WEST DELHI,PVT CAR,CYCLE,SIMPLE ACCIDENT,1,0,,,
2008,NORTH EAST DELHI,UNKNOWN,S/C & M/C,SIMPLE ACCIDENT,1,0,,,
2008,SOUTH EAST DELHI,UNKNOWN,PEDESTRIAN,FATAL ACCIDENT,0,1,,,
2008,CENTRAL DELHI,UNKNOWN,PEDESTRIAN,SIMPLE ACCIDENT,1,0,,,
2008,NORTH WEST DELHI,BLUE LN,PEDESTRIAN,SIMPLE ACCIDENT,1,0,,,
2008,EAST DELHI,UNKNOWN,DELIVERY VAN,FATAL ACCIDENT,0,1,,,
2008,NEW DELHI,BLUE LN,S/C & M/C,SIMPLE ACCIDENT,1,0,,,
2008,CENTRAL DELHI,TEMPO,S/C & M/C,FATAL ACCIDENT,0,1,,,
2008,NORTH DELHI(ROHINI),UNKNOWN,S/C & M/C,SIMPLE ACCIDENT,1,0,,,
2008,CENTRAL DELHI,S/C&M/C,PEDESTRIAN,SIMPLE ACCIDENT,1,0,,,
2008,NORTH EAST DELHI,PVT CAR,S/C & M/C,SIMPLE ACCIDENT,1,0,,,
2008,NEW DELHI,UNKNOWN,PEDESTRIAN,FATAL ACCIDENT,0,1,,,
2008,SHAHDARA,HTV/GDS,TSR,FATAL ACCIDENT,0,1,,,
2008,SHAHDARA,S/C&M/C,S/C & M/C,SIMPLE ACCIDENT,1,0,,,
2008,SHAHDARA,S/C&M/C,S/C & M/C,SIMPLE ACCIDENT,1,0,,,
2008,CENTRAL DELHI,UNKNOWN,PEDESTRIAN,SIMPLE ACCIDENT,1,0,,,
2008,NORTH DELHI(ROHINI),TRL/CON,TMP,SIMPLE ACCIDENT,1,0,,,
2008,SOUTH EAST DELHI,PVT CAR,SELF,SIMPLE ACCIDENT,1,0,,,
2008,NORTH DELHI(ROHINI),HTV/GDS,S/C & M/C,SIMPLE ACCIDENT,1,0,,,
2008,SOUTH EAST DELHI,PVT CAR,PEDESTRIAN,SIMPLE ACCIDENT,1,0,,,
2008,SOUTH WEST DELHI,PVT CAR,S/C & M/C,SIMPLE ACCIDENT,2,0,,,
2008,NORTH WEST DELHI,S/C&M/C,PEDESTRIAN,SIMPLE ACCIDENT,1,0,,,
2008,NEW DELHI,UNKNOWN,PEDESTRIAN,FATAL ACCIDENT,0,1,,,
2008,WEST DELHI,UNKNOWN,PEDESTRIAN,FATAL ACCIDENT,0,1,,,
2008,SOUTH EAST DELHI,UNKNOWN,PEDESTRIAN,SIMPLE ACCIDENT,1,0,,,
2008,SOUTH EAST DELHI,S/C&M/C,TNG,SIMPLE ACCIDENT,1,0,,,
2008,SOUTH WEST DELHI,UNKNOWN,S/C & M/C,FATAL ACCIDENT,0,1,,,
2008,NORTH DELHI(ROHINI),PVT CAR,S/C & M/C,FATAL ACCIDENT,1,1,,,
2008,CENTRAL DELHI,DELIVRY,S/C & M/C,SIMPLE ACCIDENT,1,0,,,
2008,NORTH DELHI(ROHINI),UNKNOWN,PEDESTRIAN,FATAL ACCIDENT,0,1,,,
2008,NORTH DELHI(ROHINI),UNKNOWN,PEDESTRIAN,SIMPLE ACCIDENT,1,0,,,
2008,NEW DELHI,UNKNOWN,PEDESTRIAN,FATAL ACCIDENT,0,1,,,
2008,NEW DELHI,DTC BUS,S/C & M/C,FATAL ACCIDENT,0,1,,,
2008,CENTRAL DELHI,PVT CAR,PEDESTRIAN,SIMPLE ACCIDENT,1,0,,,
2008,EAST DELHI,DELIVRY,CAR,NON INJURY,0,0,,,
2008,SOUTH DELHI,HTV/GDS,CAR,NON INJURY,0,0,,,
2008,NORTH WEST DELHI,BUS OTR,S/C & M/C,FATAL ACCIDENT,1,1,,,
2008,SOUTH DELHI,PVT CAR,DTC,NON INJURY,0,0,,,
2008,NORTH WEST DELHI,TRACTOR,PEDESTRIAN,SIMPLE ACCIDENT,1,0,,,
2008,NORTH EAST DELHI,UNKNOWN,S/C & M/C,FATAL ACCIDENT,0,1,,,
2008,NORTH EAST DELHI,UNKNOWN,PEDESTRIAN,FATAL ACCIDENT,0,1,,,
2008,NEW DELHI,TSR,PASSANGER,SIMPLE ACCIDENT,1,0,,,
2008,NORTH EAST DELHI,UNKNOWN,PEDESTRIAN,SIMPLE ACCIDENT,1,0,,,
2008,NORTH WEST DELHI,HTV/GDS,CAR,SIMPLE ACCIDENT,1,0,,,
2008,SOUTH DELHI,BLUE LN,S/C & M/C,SIMPLE ACCIDENT,1,0,,,
2008,NEW DELHI,UNKNOWN,CYCLE RICKSHAW,FATAL ACCIDENT,2,1,,,
2008,CENTRAL DELHI,PVT CAR,CYCLE RICKSHAW,SIMPLE ACCIDENT,2,0,,,
2008,CENTRAL DELHI,UNKNOWN,PEDESTRIAN,FATAL ACCIDENT,0,1,,,
2008,NORTH DELHI(ROHINI),UNKNOWN,PEDESTRIAN,SIMPLE ACCIDENT,1,0,,,
2008,SOUTH EAST DELHI,BLUE LN,PEDESTRIAN,FATAL ACCIDENT,0,1,,,
2008,NEW DELHI,UNKNOWN,S/C & M/C,SIMPLE ACCIDENT,1,0,,,
2008,WEST DELHI,PVT CAR,S/C & M/C,SIMPLE ACCIDENT,2,0,,,
2008,NORTH EAST DELHI,UNKNOWN,PEDESTRIAN,SIMPLE ACCIDENT,1,0,,,
2008,SOUTH WEST DELHI,TRACTOR,PEDESTRIAN,FATAL ACCIDENT,0,2,,,
2008,NORTH DELHI(ROHINI),DTC BUS,S/C & M/C,SIMPLE ACCIDENT,1,0,,,
2008,WEST DELHI,HTV/GDS,CAR,SIMPLE ACCIDENT,2,0,,,
2008,WEST DELHI,UNKNOWN,CYCLE RICKSHAW,SIMPLE ACCIDENT,1,0,,,
2008,WEST DELHI,HTV/GDS,SELF,NON INJURY,0,0,,,
2008,SHAHDARA,PVT CAR,S/C & M/C,SIMPLE ACCIDENT,1,0,,,
2008,WEST DELHI,TEMPO,PEDESTRIAN,SIMPLE ACCIDENT,1,0,,,
2008,WEST DELHI,S/C&M/C,PEDESTRIAN,SIMPLE ACCIDENT,1,0,,,
2008,NORTH DELHI(ROHINI),UNKNOWN,S/C & M/C,FATAL ACCIDENT,0,1,,,
2008,SHAHDARA,TEMPO,S/C & M/C,SIMPLE ACCIDENT,1,0,,,
2008,NEW DELHI,PVT CAR,S/C & M/C,SIMPLE ACCIDENT,1,0,,,
2008,NORTH WEST DELHI,PVT CAR,S/C & M/C,SIMPLE ACCIDENT,1,0,,,
2008,NORTH WEST DELHI,PVT CAR,CAR,SIMPLE ACCIDENT,8,0,,,
2008,SOUTH DELHI,S/C&M/C,S/C & M/C,SIMPLE ACCIDENT,3,0,,,
2008,NORTH WEST DELHI,S/C&M/C,PEDESTRIAN,FATAL ACCIDENT,0,1,,,
2008,NEW DELHI,PVT CAR,CAR,NON INJURY,0,0,,,
2008,SOUTH EAST DELHI,HTV/GDS,POV,NON INJURY,0,0,,,
2008,EAST DELHI,PVT CAR,CYCLE,SIMPLE ACCIDENT,1,0,,,
2008,SOUTH EAST DELHI,PVT CAR,TSR,SIMPLE ACCIDENT,1,0,,,
2008,NEW DELHI,PVT CAR,S/C & M/C,SIMPLE ACCIDENT,1,0,,,
2008,SOUTH WEST DELHI,PVT CAR,PEDESTRIAN,FATAL ACCIDENT,0,1,,,
2008,NORTH EAST DELHI,DTC BUS,S/C & M/C,SIMPLE ACCIDENT,1,0,,,
2008,NORTH WEST DELHI,S/C&M/C,CYCLE RICKSHAW,SIMPLE ACCIDENT,3,0,,,
2008,EAST DELHI,BLUE LN,S/C & M/C,SIMPLE ACCIDENT,1,0,,,
2008,NORTH WEST DELHI,PVT CAR,CAR,SIMPLE ACCIDENT,3,0,,,
2008,CENTRAL DELHI,S/C&M/C,PEDESTRIAN,SIMPLE ACCIDENT,1,0,,,
2008,NORTH EAST DELHI,TSR,PASSANGER,SIMPLE ACCIDENT,1,0,,,
2008,EAST DELHI,S/C&M/C,PEDESTRIAN,SIMPLE ACCIDENT,1,0,,,
2008,NORTH EAST DELHI,TSR,PASSANGER,FATAL ACCIDENT,0,1,,,
2008,SOUTH EAST DELHI,PVT CAR,S/C & M/C,SIMPLE ACCIDENT,1,0,,,
2008,SOUTH WEST DELHI,HTV/GDS,CAR,SIMPLE ACCIDENT,1,0,,,
2008,SOUTH WEST DELHI,TEMPO,S/C & M/C,SIMPLE ACCIDENT,2,0,,,
2008,CENTRAL DELHI,BLUE LN,TSR,SIMPLE ACCIDENT,1,0,,,
2008,CENTRAL DELHI,PVT CAR,S/C & M/C,SIMPLE ACCIDENT,1,0,,,
2008,WEST DELHI,BLUE LN,TMP,SIMPLE ACCIDENT,1,0,,,
2008,NORTH DELHI(ROHINI),HTV/GDS,S/C & M/C,SIMPLE ACCIDENT,2,0,,,
2008,WEST DELHI,PVT CAR,PEDESTRIAN,SIMPLE ACCIDENT,1,0,,,
2008,WEST DELHI,BLUE LN,PEDESTRIAN,FATAL ACCIDENT,0,1,,,
2008,SOUTH DELHI,UNKNOWN,S/C & M/C,SIMPLE ACCIDENT,1,0,,,
2008,WEST DELHI,UNKNOWN,S/C & M/C,SIMPLE ACCIDENT,1,0,,,
2008,SOUTH DELHI,PVT CAR,S/C & M/C,SIMPLE ACCIDENT,2,0,,,
2008,NORTH WEST DELHI,PVT CAR,S/C & M/C,SIMPLE ACCIDENT,1,0,,,
2008,NORTH DELHI(ROHINI),BLUE LN,CYCLE,SIMPLE ACCIDENT,1,0,,,
2008,NEW DELHI,UNKNOWN,PEDESTRIAN,SIMPLE ACCIDENT,1,0,,,
2008,NORTH WEST DELHI,UNKNOWN,PEDESTRIAN,SIMPLE ACCIDENT,1,0,,,
2008,NEW DELHI,HTV/GDS,SELF,NON INJURY,0,0,,,
2008,NORTH WEST DELHI,MIN.BUS,PASSANGER,SIMPLE ACCIDENT,1,0,,,
2008,NORTH WEST DELHI,TEMPO,PEDESTRIAN,SIMPLE ACCIDENT,1,0,,,
2008,SOUTH EAST DELHI,PVT CAR,CAR,SIMPLE ACCIDENT,1,0,,,
2008,NEW DELHI,UNKNOWN,PEDESTRIAN,FATAL ACCIDENT,0,1,,,
2008,SOUTH EAST DELHI,MIN.BUS,PASSANGER,SIMPLE ACCIDENT,1,0,,,
2008,CENTRAL DELHI,BLUE LN,PASSANGER,SIMPLE ACCIDENT,1,0,,,
2008,SOUTH EAST DELHI,S/C&M/C,PEDESTRIAN,SIMPLE ACCIDENT,1,0,,,
2008,NORTH DELHI(ROHINI),PVT CAR,S/C & M/C,SIMPLE ACCIDENT,2,0,,,
2008,SOUTH EAST DELHI,PVT CAR,PEDESTRIAN,SIMPLE ACCIDENT,1,0,,,
2008,NORTH DELHI(ROHINI),PVT CAR,PEDESTRIAN,SIMPLE ACCIDENT,1,0,,,
2008,CENTRAL DELHI,BUS OTR,S/C & M/C,SIMPLE ACCIDENT,2,0,,,
2008,WEST DELHI,TRL/CON,S/C & M/C,SIMPLE ACCIDENT,1,0,,,
2008,NORTH WEST DELHI,BLUE LN,PASSANGER,FATAL ACCIDENT,0,1,,,
2008,SOUTH EAST DELHI,PVT CAR,CYCLE RICKSHAW,SIMPLE ACCIDENT,1,0,,,
2008,CENTRAL DELHI,TEMPO,S/C & M/C,SIMPLE ACCIDENT,1,0,,,
2008,SOUTH DELHI,TRL/CON,PEDESTRIAN,FATAL ACCIDENT,0,1,,,
2008,EAST DELHI,UNKNOWN,PEDESTRIAN,FATAL ACCIDENT,0,1,,,
2008,NORTH WEST DELHI,TANKER,CAR,NON INJURY,0,0,,,
2008,EAST DELHI,PVT CAR,CYCLE,SIMPLE ACCIDENT,1,0,,,
2008,NORTH DELHI(ROHINI),PVT CAR,PEDESTRIAN,SIMPLE ACCIDENT,1,0,,,
2008,NORTH DELHI(ROHINI),HTV/GDS,BLB,SIMPLE ACCIDENT,3,0,,,
2008,SOUTH WEST DELHI,UNKNOWN,PEDESTRIAN,SIMPLE ACCIDENT,1,0,,,
2008,NEW DELHI,PVT CAR,TSR,SIMPLE ACCIDENT,1,0,,,
2008,SOUTH DELHI,HTV/GDS,CAR,NON INJURY,0,0,,,
2008,NORTH DELHI(ROHINI),BLUE LN,PASSANGER,SIMPLE ACCIDENT,1,0,,,
2008,NORTH DELHI(ROHINI),S/C&M/C,CYCLE RICKSHAW,SIMPLE ACCIDENT,2,0,,,
2008,NEW DELHI,UNKNOWN,S/C & M/C,FATAL ACCIDENT,0,1,,,
2008,NORTH EAST DELHI,HTV/GDS,S/C & M/C,FATAL ACCIDENT,0,1,,,
2008,SOUTH EAST DELHI,PVT CAR,S/C & M/C,NON INJURY,0,0,,,
2008,SOUTH EAST DELHI,BLUE LN,PASSANGER,SIMPLE ACCIDENT,1,0,,,
2008,SOUTH EAST DELHI,HTV/GDS,CYCLE,FATAL ACCIDENT,0,1,,,
2008,NORTH DELHI(ROHINI),TRACTOR,CYCLE,SIMPLE ACCIDENT,1,0,,,
2008,NORTH DELHI(ROHINI),UNKNOWN,PEDESTRIAN,FATAL ACCIDENT,0,1,,,
2008,SOUTH DELHI,HTV/GDS,PEDESTRIAN,FATAL ACCIDENT,0,1,,,
2008,NORTH WEST DELHI,HTV/GDS,CAR,FATAL ACCIDENT,2,1,,,
2008,NORTH DELHI(ROHINI),PVT CAR,PEDESTRIAN,SIMPLE ACCIDENT,1,0,,,
2008,WEST DELHI,BUS OTR,S/C & M/C,SIMPLE ACCIDENT,1,0,,,
2008,SOUTH DELHI,PVT CAR,SELF,SIMPLE ACCIDENT,1,0,,,
2008,SOUTH DELHI,UNKNOWN,CAR,SIMPLE ACCIDENT,1,0,,,
2008,CENTRAL DELHI,UNKNOWN,PEDESTRIAN,SIMPLE ACCIDENT,1,0,,,
2008,EAST DELHI,PVT CAR,S/C & M/C,SIMPLE ACCIDENT,1,0,,,
2008,SHAHDARA,TEMPO,MBS,NON INJURY,0,0,,,
2008,SOUTH WEST DELHI,S/C&M/C,PEDESTRIAN,SIMPLE ACCIDENT,1,0,,,
2008,SOUTH EAST DELHI,HTV/GDS,S/C & M/C,SIMPLE ACCIDENT,2,0,,,
2008,CENTRAL DELHI,BUS OTR,PASSANGER,SIMPLE ACCIDENT,1,0,,,
2008,NORTH WEST DELHI,BLUE LN,PASSANGER,SIMPLE ACCIDENT,1,0,,,
2008,NORTH WEST DELHI,UNKNOWN,PEDESTRIAN,SIMPLE ACCIDENT,1,0,,,
2008,SOUTH EAST DELHI,PVT CAR,PEDESTRIAN,SIMPLE ACCIDENT,1,0,,,
2008,SOUTH EAST DELHI,PVT CAR,S/C & M/C,SIMPLE ACCIDENT,1,0,,,
2008,SOUTH WEST DELHI,PVT CAR,CAR,SIMPLE ACCIDENT,1,0,,,
2008,NEW DELHI,PVT CAR,S/C & M/C,SIMPLE ACCIDENT,1,0,,,
2008,NORTH EAST DELHI,S/C&M/C,CYCLE,SIMPLE ACCIDENT,1,0,,,
2008,NEW DELHI,HTV/GDS,PEDESTRIAN,FATAL ACCIDENT,0,1,,,
2008,SOUTH EAST DELHI,PVT CAR,PEDESTRIAN,FATAL ACCIDENT,0,1,,,
2008,NEW DELHI,PVT CAR,PEDESTRIAN,FATAL ACCIDENT,0,1,,,
2008,EAST DELHI,S/C&M/C,PEDESTRIAN,SIMPLE ACCIDENT,1,0,,,
2008,WEST DELHI,MIN.BUS,PEDESTRIAN,SIMPLE ACCIDENT,1,0,,,
2008,WEST DELHI,TEMPO,PEDESTRIAN,SIMPLE ACCIDENT,1,0,,,
2008,SOUTH EAST DELHI,UNKNOWN,S/C & M/C,SIMPLE ACCIDENT,1,0,,,
2008,NEW DELHI,UNKNOWN,PEDESTRIAN,SIMPLE ACCIDENT,1,0,,,
2008,CENTRAL DELHI,S/C&M/C,PEDESTRIAN,SIMPLE ACCIDENT,1,0,,,
2008,WEST DELHI,PVT CAR,S/C & M/C,SIMPLE ACCIDENT,1,0,,,
2008,SOUTH EAST DELHI,S/C&M/C,PEDESTRIAN,SIMPLE ACCIDENT,1,0,,,
2008,SOUTH EAST DELHI,TANKER,CYCLE,FATAL ACCIDENT,0,1,,,
2008,CENTRAL DELHI,HTV/GDS,CYCLE,FATAL ACCIDENT,0,1,,,
2008,NORTH DELHI(ROHINI),PVT CAR,CAR,SIMPLE ACCIDENT,1,0,,,
2008,SHAHDARA,PVT CAR,S/C & M/C,SIMPLE ACCIDENT,1,0,,,
2008,NEW DELHI,S/C&M/C,S/C & M/C,SIMPLE ACCIDENT,2,0,,,
2008,EAST DELHI,UNKNOWN,HTV,NON INJURY,0,0,,,
2008,EAST DELHI,PVT CAR,S/C & M/C,SIMPLE ACCIDENT,1,0,,,
2008,SOUTH WEST DELHI,PVT CAR,PEDESTRIAN,SIMPLE ACCIDENT,1,0,,,
2008,SOUTH WEST DELHI,PVT CAR,CYCLE RICKSHAW,SIMPLE ACCIDENT,1,0,,,
2008,NEW DELHI,PVT CAR,CAR,SIMPLE ACCIDENT,1,0,,,
2008,NORTH DELHI(ROHINI),HTV/GDS,TMP,NON INJURY,0,0,,,
2008,NORTH DELHI(ROHINI),PVT CAR,S/C & M/C,SIMPLE ACCIDENT,1,0,,,
2008,SOUTH EAST DELHI,TSR,S/C & M/C,SIMPLE ACCIDENT,1,0,,,
2008,SOUTH WEST DELHI,PVT CAR,PEDESTRIAN,SIMPLE ACCIDENT,1,0,,,
2008,NORTH EAST DELHI,UNKNOWN,PEDESTRIAN,SIMPLE ACCIDENT,1,0,,,
2008,CENTRAL DELHI,HTV/GDS,CAR,NON INJURY,0,0,,,
2008,NORTH EAST DELHI,HTV/GDS,S/C & M/C,FATAL ACCIDENT,0,1,,,
2008,SOUTH EAST DELHI,PVT CAR,PEDESTRIAN,FATAL ACCIDENT,0,1,,,
2008,NEW DELHI,UNKNOWN,PEDESTRIAN,SIMPLE ACCIDENT,1,0,,,
2008,NEW DELHI,PVT CAR,CAR,SIMPLE ACCIDENT,1,0,,,
2008,NEW DELHI,HTV/GDS,CAR,NON INJURY,0,0,,,
2008,SOUTH EAST DELHI,PVT CAR,CYCLE,SIMPLE ACCIDENT,1,0,,,
2008,NEW DELHI,PVT CAR,TSR,SIMPLE ACCIDENT,1,0,,,
2008,EAST DELHI,PVT CAR,CAR,SIMPLE ACCIDENT,2,0,,,
2008,EAST DELHI,PVT CAR,PEDESTRIAN,SIMPLE ACCIDENT,1,0,,,
2008,SOUTH WEST DELHI,DELIVRY,PEDESTRIAN,SIMPLE ACCIDENT,1,0,,,
2008,SOUTH WEST DELHI,PVT CAR,S/C & M/C,FATAL ACCIDENT,0,1,,,
2008,SOUTH EAST DELHI,PVT CAR,PEDESTRIAN,FATAL ACCIDENT,0,1,,,
2008,SOUTH EAST DELHI,UNKNOWN,PEDESTRIAN,SIMPLE ACCIDENT,1,0,,,
2008,NORTH EAST DELHI,BLUE LN,S/C & M/C,FATAL ACCIDENT,0,1,,,
2008,NORTH EAST DELHI,UNKNOWN,PEDESTRIAN,FATAL ACCIDENT,0,1,,,
2008,NORTH WEST DELHI,PVT CAR,CYCLE,SIMPLE ACCIDENT,1,0,,,
2008,EAST DELHI,PVT CAR,S/C & M/C,SIMPLE ACCIDENT,1,0,,,
2008,WEST DELHI,UNKNOWN,PEDESTRIAN,SIMPLE ACCIDENT,1,0,,,
2008,SOUTH EAST DELHI,TEMPO,PEDESTRIAN,SIMPLE ACCIDENT,2,0,,,
2008,CENTRAL DELHI,TEMPO,PEDESTRIAN,SIMPLE ACCIDENT,1,0,,,
2008,CENTRAL DELHI,S/C&M/C,PEDESTRIAN,SIMPLE ACCIDENT,1,0,,,
2008,CENTRAL DELHI,PVT CAR,CYCLE RICKSHAW,SIMPLE ACCIDENT,1,0,,,
2008,CENTRAL DELHI,S/C&M/C,PEDESTRIAN,SIMPLE ACCIDENT,1,0,,,
2008,SOUTH WEST DELHI,PVT CAR,PEDESTRIAN,FATAL ACCIDENT,0,1,,,
2008,EAST DELHI,UNKNOWN,PEDESTRIAN,FATAL ACCIDENT,0,1,,,
2008,NEW DELHI,PVT CAR,S/C & M/C,SIMPLE ACCIDENT,1,0,,,
2008,NEW DELHI,S/C&M/C,S/C & M/C,SIMPLE ACCIDENT,1,0,,,
2008,NEW DELHI,TAXI,TSR,FATAL ACCIDENT,0,1,,,
2008,NORTH WEST DELHI,HTV/GDS,CYCLE,SIMPLE ACCIDENT,3,0,,,
2008,NORTH EAST DELHI,UNKNOWN,PEDESTRIAN,FATAL ACCIDENT,0,1,,,
2008,EAST DELHI,PVT CAR,S/C & M/C,SIMPLE ACCIDENT,2,0,,,
2008,SOUTH WEST DELHI,PVT CAR,PEDESTRIAN,SIMPLE ACCIDENT,1,0,,,
2008,NORTH WEST DELHI,UNKNOWN,PEDESTRIAN,SIMPLE ACCIDENT,1,0,,,
2008,SOUTH EAST DELHI,TSR,SELF,FATAL ACCIDENT,1,1,,,
2008,SOUTH WEST DELHI,PVT CAR,PEDESTRIAN,SIMPLE ACCIDENT,1,0,,,
2008,NORTH EAST DELHI,TEMPO,SELF,NON INJURY,0,0,,,
2008,EAST DELHI,TEMPO,PEDESTRIAN,SIMPLE ACCIDENT,1,0,,,
2008,NEW DELHI,UNKNOWN,PEDESTRIAN,FATAL ACCIDENT,0,1,,,